{"initial_reset_timestamp": 1623849359.6017888, "timestamps": [1623849360.5792918, 1623849361.0337715, 1623849361.1992893, 1623849361.3921745, 1623849361.4343874, 1623849361.5289125, 1623849361.6325302, 1623849361.732712, 1623849362.118757, 1623849362.3343909, 1623849362.4437854, 1623849362.576211, 1623849362.6469824, 1623849362.7392085, 1623849362.853824, 1623849362.961796, 1623849363.0603256, 1623849363.1257763, 1623849363.1971815, 1623849363.3318574, 1623849363.425333, 1623849363.4808476, 1623849363.5861921, 1623849363.6449494, 1623849363.8143792, 1623849363.8646796, 1623849363.9770005, 1623849364.2453024, 1623849364.4343534, 1623849364.5687628, 1623849364.6940641, 1623849364.8001666, 1623849364.930549, 1623849365.0067673, 1623849365.1870642, 1623849365.3147945, 1623849365.4250185, 1623849365.4989548, 1623849365.6790657, 1623849365.92008, 1623849366.0030005, 1623849366.0655746, 1623849366.1624472, 1623849366.2707975, 1623849366.351212, 1623849366.6556547, 1623849366.7824254, 1623849366.9495032, 1623849367.0837212, 1623849367.1684365, 1623849367.5875878, 1623849367.76295, 1623849367.846488, 1623849368.0732317, 1623849368.4042256, 1623849368.836121, 1623849369.1230865, 1623849369.5748954, 1623849369.907339, 1623849370.7050977, 1623849371.6532528, 1623849372.2065828, 1623849372.7084885, 1623849373.1922362, 1623849374.0516129, 1623849374.8129344, 1623849375.185773, 1623849376.070149, 1623849376.620215, 1623849377.6668816, 1623849378.2081995, 1623849378.848159, 1623849379.543106, 1623849380.2237704, 1623849381.0322416, 1623849381.933307, 1623849382.760282, 1623849383.4779, 1623849384.4627197, 1623849385.217036, 1623849386.0359032, 1623849386.906207, 1623849387.861326, 1623849388.7799723, 1623849389.634898, 1623849390.5286286, 1623849391.4258919, 1623849392.4005518, 1623849393.4613202, 1623849394.4697104, 1623849395.471231, 1623849396.3828666, 1623849397.3597736, 1623849398.4524965, 1623849399.4131866, 1623849400.399242, 1623849401.360292, 1623849402.28344, 1623849403.2166688, 1623849404.2152617, 1623849405.1321213, 1623849406.1453278, 1623849407.2071736, 1623849408.223458, 1623849409.136457, 1623849410.056396, 1623849410.9544225, 1623849411.8355565, 1623849412.6915057, 1623849413.5477924, 1623849414.4563448, 1623849415.3374085, 1623849416.1501782, 1623849417.168195, 1623849418.2097251, 1623849419.2291267, 1623849420.2442353, 1623849421.1451461, 1623849422.099457, 1623849423.0414088, 1623849423.9948807, 1623849424.7801056, 1623849425.7492874, 1623849426.756289, 1623849427.7248473, 1623849429.6870408, 1623849430.6017714, 1623849431.5766687, 1623849432.5102193, 1623849433.500679, 1623849434.4388077, 1623849435.2770495, 1623849436.2282062, 1623849437.235187, 1623849438.2646492, 1623849439.2882235, 1623849440.2827652, 1623849441.2160268, 1623849442.1715937, 1623849443.0597105, 1623849444.0535133, 1623849445.0056207, 1623849445.896375, 1623849446.8018956, 1623849447.7806318, 1623849448.776022, 1623849449.6755185, 1623849450.571519, 1623849451.6400118, 1623849452.5840764, 1623849453.6056743, 1623849454.5753899, 1623849455.531541, 1623849456.4506369, 1623849457.4070652, 1623849458.4127743, 1623849459.2818692, 1623849460.1895318, 1623849461.1231506, 1623849462.1904454, 1623849463.1906106, 1623849464.0465472, 1623849465.0872052, 1623849466.1346343, 1623849467.1091485, 1623849468.0608401, 1623849468.951574, 1623849469.8118315, 1623849470.6969588, 1623849471.590987, 1623849472.4516594, 1623849473.303389, 1623849474.2582176, 1623849475.1829479, 1623849476.0352464, 1623849477.1149898, 1623849478.0200539, 1623849478.7966442, 1623849479.5510428, 1623849480.4914901, 1623849481.3492882, 1623849482.3032968, 1623849483.2511141, 1623849484.2420793, 1623849485.1099277, 1623849486.0222652, 1623849487.1038802, 1623849488.1059408, 1623849488.9489603, 1623849489.9444883, 1623849490.954792, 1623849491.8215225, 1623849492.7603064, 1623849493.6939316, 1623849494.5983157, 1623849495.3618498, 1623849496.2246802, 1623849497.207947, 1623849498.0987864, 1623849498.9827335, 1623849499.7359605, 1623849500.595925, 1623849501.4516785, 1623849502.340978, 1623849503.1959796, 1623849503.936804, 1623849504.7125213, 1623849505.7517421, 1623849506.5828607, 1623849507.4627964, 1623849508.2681663, 1623849509.1793356, 1623849510.049618, 1623849510.7848108, 1623849511.6464338, 1623849512.5511923, 1623849514.3541594, 1623849515.2909048, 1623849516.254476, 1623849517.05288, 1623849517.987995, 1623849518.851392, 1623849519.631341, 1623849520.4996727, 1623849521.625283, 1623849522.4332025, 1623849523.2106578, 1623849524.0544143, 1623849524.847893, 1623849525.8446991, 1623849526.6671839, 1623849527.3832302, 1623849528.3651388, 1623849529.163341, 1623849530.025333, 1623849530.8127425, 1623849531.543669, 1623849532.4063797, 1623849533.2821996, 1623849534.2725868, 1623849535.0612237, 1623849536.1124845, 1623849536.7085779, 1623849537.6476002, 1623849538.4236658, 1623849539.078978, 1623849539.7927227, 1623849540.6696935, 1623849541.7450993, 1623849542.7059186, 1623849543.5124886, 1623849544.2186596, 1623849544.9301696, 1623849545.8250086, 1623849546.8043883, 1623849547.6931605, 1623849548.4665315, 1623849549.259194, 1623849550.0742223, 1623849550.914759, 1623849551.742171, 1623849552.5855207, 1623849553.289596, 1623849554.2426188, 1623849554.8862667, 1623849555.9077146, 1623849556.9171224, 1623849557.8787484, 1623849558.9653065, 1623849559.9944074, 1623849560.9873958, 1623849561.814391, 1623849562.7873294, 1623849563.8108377, 1623849564.3920074, 1623849565.5206864, 1623849566.4658883, 1623849567.465159, 1623849568.3881073, 1623849569.2914157, 1623849570.3542092, 1623849571.4158158, 1623849572.3098795, 1623849573.3531713, 1623849574.3176064, 1623849575.0906436, 1623849576.1663904, 1623849577.213165, 1623849578.1666038, 1623849579.2106993, 1623849580.177652, 1623849581.1523988, 1623849582.016827, 1623849582.99637, 1623849584.129885, 1623849585.114312, 1623849585.795861, 1623849586.6127555, 1623849587.4937644, 1623849588.5920281, 1623849589.4146788, 1623849590.2892752, 1623849591.2600532, 1623849592.042797, 1623849592.9302702, 1623849593.7950282, 1623849594.6051066, 1623849595.5138392, 1623849596.365442, 1623849597.3648279, 1623849598.4731865, 1623849599.641911, 1623849600.7398674, 1623849601.678122, 1623849602.391359, 1623849603.237573, 1623849604.2102063, 1623849605.2078881, 1623849606.146292], "episode_lengths": [26, 34, 19, 39, 8, 20, 22, 22, 34, 36, 25, 28, 14, 17, 22, 23, 22, 12, 15, 28, 21, 12, 22, 13, 36, 11, 26, 19, 31, 24, 25, 21, 24, 15, 38, 26, 23, 17, 39, 51, 19, 14, 19, 23, 18, 67, 28, 38, 29, 19, 91, 40, 19, 53, 74, 98, 64, 92, 75, 170, 200, 112, 109, 102, 86, 167, 85, 188, 120, 200, 119, 147, 153, 146, 176, 200, 182, 162, 200, 179, 184, 198, 200, 200, 200, 200, 200, 200, 200, 200, 200, 200, 200, 200, 189, 200, 200, 200, 200, 200, 200, 200, 200, 200, 200, 200, 200, 200, 200, 200, 200, 200, 175, 200, 197, 194, 200, 200, 200, 200, 200, 171, 200, 200, 200, 200, 200, 200, 200, 200, 200, 175, 192, 200, 200, 200, 200, 200, 200, 200, 200, 200, 198, 200, 200, 200, 200, 194, 200, 200, 200, 200, 200, 200, 200, 200, 200, 200, 200, 200, 176, 175, 200, 181, 200, 199, 198, 197, 200, 186, 190, 179, 200, 191, 184, 200, 178, 171, 170, 198, 187, 200, 200, 200, 164, 197, 200, 188, 158, 191, 189, 173, 200, 200, 195, 160, 170, 175, 165, 172, 162, 172, 181, 177, 175, 159, 168, 198, 161, 180, 175, 198, 184, 166, 188, 174, 187, 195, 199, 173, 184, 177, 163, 177, 195, 149, 169, 179, 177, 200, 183, 143, 200, 166, 179, 167, 159, 179, 191, 188, 156, 200, 131, 200, 162, 146, 153, 161, 200, 200, 158, 161, 159, 171, 198, 200, 165, 177, 168, 176, 166, 172, 148, 200, 132, 196, 200, 168, 200, 183, 200, 182, 200, 200, 114, 200, 171, 200, 191, 169, 200, 200, 155, 200, 200, 150, 200, 200, 182, 200, 175, 200, 187, 200, 200, 200, 144, 164, 181, 200, 180, 187, 200, 164, 193, 186, 177, 200, 179, 200, 200, 200, 200, 200, 155, 167, 200, 200, 200],