{"initial_reset_timestamp": 1623858100.4150448, "timestamps": [1623858335.5356967, 1623858581.6730707, 1623858844.1796515, 1623859032.131327, 1623859256.3820605, 1623859453.0499256, 1623859686.5709908, 1623859931.6151776, 1623860177.201743, 1623860394.388373, 1623860620.9064045, 1623860832.1452322, 1623861059.2066152, 1623861268.577092, 1623861489.9064276, 1623861739.4254467, 1623861999.596085, 1623862226.8446789, 1623862455.4278197, 1623862657.8024848, 1623862916.805475, 1623863127.5406766, 1623863352.2578495, 1623863570.8358784, 1623863802.5574517, 1623864027.366455, 1623864248.4086955, 1623864494.1927757, 1623864733.9624805, 1623864922.2477503, 1623865160.3062398, 1623865375.033781, 1623865581.5409648, 1623865886.2281396, 1623866094.6245868, 1623866352.0252454, 1623866569.4446695, 1623866850.5295248, 1623867097.550572, 1623867326.2819943, 1623867532.2661066, 1623867734.2754927, 1623867959.1727207, 1623868204.4259396, 1623868431.627208, 1623868627.8836691, 1623868909.297937, 1623869112.0277236, 1623869327.5442204, 1623869563.9152088, 1623869777.3671403, 1623869988.1352975, 1623870186.4285872, 1623870373.5939002, 1623870595.869361, 1623870823.3247447, 1623871043.2925587, 1623871264.786497, 1623871539.225796, 1623871753.7172556, 1623872000.5619895, 1623872266.8109925, 1623872520.0826209, 1623872790.2498217, 1623872993.873783, 1623873188.9541721, 1623873383.3667145, 1623873602.9096277, 1623873847.6607125, 1623874077.2784529, 1623874357.616543, 1623874564.7187538, 1623874772.4571152, 1623875028.4915063, 1623875227.0001307, 1623875502.492761, 1623875762.993039, 1623875999.1136584, 1623876203.3276525, 1623876394.152318, 1623876645.8414836, 1623876877.140278, 1623877116.9346507, 1623877347.9811876, 1623877628.9631472, 1623877845.155269, 1623878082.6081076, 1623878320.9865458, 1623878553.1750236, 1623878837.9071665, 1623879083.4128852, 1623879322.3589268, 1623879594.353374, 1623879837.4752674, 1623880089.8994336, 1623880384.7418087, 1623880620.063783, 1623880849.9495487, 1623881058.3193147, 1623881266.1516333, 1623881521.5130024, 1623881766.1045153, 1623882038.34321, 1623882292.5034773, 1623882532.0565033, 1623882782.1397448, 1623883023.7610621, 1623883291.8953183, 1623883531.232061, 1623883749.9557068, 1623884039.111226, 1623884260.6205838, 1623884507.402851, 1623884732.522764, 1623884978.6048336, 1623885275.1822581, 1623885498.996264, 1623885725.6225295, 1623885965.3265264, 1623886264.0024788, 1623886488.9353945, 1623886733.8022268, 1623886949.3726308, 1623887168.6406734, 1623887428.488773, 1623887637.887556, 1623887910.3418205, 1623888136.6208808, 1623888440.6383505, 1623888698.4162142, 1623888933.907388, 1623889167.1177666, 1623889402.5078812, 1623889619.3992445, 1623889821.8028648, 1623890055.7457132, 1623890335.8897333, 1623890603.4019876, 1623890824.3539033, 1623891085.0988293, 1623891334.5634713, 1623891563.9928963, 1623891767.000647, 1623891990.1123486, 1623892280.6118548, 1623892550.0178747, 1623892775.6964016, 1623893006.5754247, 1623893245.595789, 1623893466.8622978, 1623893718.5465279, 1623893984.7824476, 1623894188.6011984, 1623894429.8255394, 1623894679.755536, 1623894883.2381787, 1623895140.457855, 1623895412.41609, 1623895703.6701097, 1623895911.83651, 1623896173.2457292, 1623896399.4845793, 1623896655.1360896, 1623896918.2948089, 1623897192.346938, 1623897400.68193, 1623897660.610575, 1623897900.0876606, 1623898116.8621972, 1623898462.1668873, 1623898713.0334792, 1623898970.3828323, 1623899212.59872, 1623899447.646003, 1623899673.6601748, 1623899879.0526714, 1623900132.4672234, 1623900426.853633, 1623900678.4915953, 1623900898.3673766], "episode_lengths": [1190, 1333, 1412, 1012, 1213, 1062, 1253, 1334, 1324, 1172, 1231, 1148, 1233, 1137, 1204, 1344, 1416, 1227, 1239, 1096, 1386, 1124, 1208, 1180, 1255, 1211, 1196, 1322, 1291, 1020, 1294, 1160, 1120, 1651, 1117, 1394, 1171, 1514, 1338, 1246, 1114, 1094, 1221, 1320, 1221, 1061, 1525, 1101, 1173, 1280, 1161, 1140, 1074, 1021, 1210, 1236, 1200, 1193, 1475, 1160, 1337, 1439, 1378, 1464, 1101, 1066, 1056, 1189, 1327, 1237, 1513, 1117, 1125, 1384, 1080, 1491, 1417, 1280, 1101, 1011, 1279, 1173, 1220, 1177, 1424, 1100, 1201, 1216, 1183, 1451, 1243, 1218, 1379, 1230, 1281, 1497, 1192, 1168, 1053, 1053, 1296, 1237, 1377, 1287, 1214, 1270, 1226, 1360, 1212, 1112, 1463, 1123, 1252, 1134, 1244, 1503, 1133, 1144, 1210, 1512, 1145, 1241, 1097, 1107, 1321, 1050, 1382, 1143, 1537, 1301, 1188, 1172, 1195, 1094, 1019, 1178, 1424, 1355, 1117, 1318, 1254, 1152, 1022, 1125, 1463, 1349, 1134, 1158, 1203, 1110, 1263, 1335, 1023, 1218, 1256, 1026, 1292, 1371, 1466, 1043, 1312, 1140, 1289, 1327, 1379, 1047, 1305, 1196, 1089, 1731, 1261, 1287, 1219, 1171, 1138, 1030, 1273, 1481, 1259, 1103], "episode_rewards": [-21.0, -21.0, -21.0, -21.0, -21.0, -21.0, -21.0, -20.0, -20.0, -21.0, -21.0, -21.0, -20.0, -21.0, -21.0, -20.0, -19.0, -20.0, -20.0, -21.0, -20.0, -20.0, -20.0, -21.0, -21.0, -21.0, -20.0, -19.0, -20.0, -21.0, -20.0, -20.0, -21.0, -17.0, -21.0, -20.0, -21.0, -19.0, -19.0, -20.0, -21.0, -21.0, -21.0, -21.0, -21.0, -21.0, -18.0, -21.0, -21.0, -19.0, -21.0, -21.0, -21.0, -21.0, -21.0, -20.0, -21.0, -21.0, -19.0, -20.0, -19.0, -19.0, -19.0, -18.0, -21.0, -21.0, -21.0, -21.0, -20.0, -20.0, -18.0, -21.0, -20.0, -20.0, -21.0, -18.0, -20.0, -20.0, -21.0, -21.0, -19.0, -21.0, -20.0, -21.0, -20.0, -21.0, -20.0, -20.0, -20.0, -20.0, -19.0, -20.0, -20.0, -21.0, -20.0, -18.0, -21.0, -21.0, -21.0, -21.0, -19.0, -20.0, -21.0, -21.0, -21.0, -20.0, -21.0, -21.0, -20.0, -21.0, -18.0, -21.0, -21.0, -21.0, -20.0, -20.0, -21.0, -21.0, -21.0, -18.0, -20.0, -20.0, -21.0, -21.0, -19.0, -21.0, -20.0, -20.0, -19.0, -20.0, -20.0, -21.0, -21.0, -21.0, -21.0, -20.0, -19.0, -21.0, -21.0, -19.0, -20.0, -21.0, -21.0, -21.0, -19.0, -21.0, -21.0, -20.0, -20.0, -21.0, -21.0, -21.0, -21.0, -20.0, -20.0, -21.0, -20.0, -21.0, -20.0, -21.0, -19.0, -21.0, -20.0, -19.0, -19.0, -21.0, -21.0, -20.0, -21.0, -16.0, -20.0, -20.0, -21.0, -21.0, -21.0, -21.0, -20.0, -19.0, -20.0, -21.0], "episode_types": ["t", "t", "t", "t", "t", "t", "t", "t", "t", "t", "t", "t", "t", "t", "t", "t", "t", "t", "t", "t", "t", "t", "t", "t", "t", "t", "t", "t", "t", "t", "t", "t", "t", "t", "t", "t", "t", "t", "t", "t", "t", "t", "t", "t", "t", "t", "t", "t", "t", "t", "t", "t", "t", "t", "t", "t", "t", "t", "t", "t", "t", "t", "t", "t", "t", "t", "t", "t", "t", "t", "t", "t", "t", "t", "t", "t", "t", "t", "t", "t", "t", "t", "t", "t", "t", "t", "t", "t", "t", "t", "t", "t", "t", "t", "t", "t", "t", "t", "t", "t", "t", "t", "t", "t", "t", "t", "t", "t", "t", "t", "t", "t", "t", "t", "t", "t", "t", "t", "t", "t", "t", "t", "t", "t", "t", "t", "t", "t", "t", "t", "t", "t", "t", "t", "t", "t", "t", "t", "t", "t", "t", "t", "t", "t", "t", "t", "t", "t", "t", "t", "t", "t", "t", "t", "t", "t", "t", "t", "t", "t", "t", "t", "t", "t", "t", "t", "t", "t", "t", "t", "t", "t", "t", "t", "t", "t", "t", "t", "t", "t", "t"]}